SET SQL_MODE = "NO_AUTO_VALUE_ON_ZERO";
SET time_zone = "-03:00";

/*!40101 SET @OLD_CHARACTER_SET_CLIENT=@@CHARACTER_SET_CLIENT */;
/*!40101 SET @OLD_CHARACTER_SET_RESULTS=@@CHARACTER_SET_RESULTS */;
/*!40101 SET @OLD_COLLATION_CONNECTION=@@COLLATION_CONNECTION */;
/*!40101 SET NAMES utf8 */;

CREATE TABLE IF NOT EXISTS `migration` (
  `version` varchar(180) COLLATE utf8_unicode_ci NOT NULL,
  `apply_time` int(11) DEFAULT NULL
) ENGINE=InnoDB DEFAULT CHARSET=utf8 COLLATE=utf8_unicode_ci;

INSERT INTO `migration` (`version`, `apply_time`) VALUES
('m000000_000000_base', 1430522350),
('m150501_231226_add_user_tables', 1430522492),
('m150502_025947_add_wheel_tables', 1430538997),
('m150523_032250_answer_scale_to_0_to_4', 1432352064),
('m150527_035800_add_wheel_questions_table', 1432784869),
('m150528_041349_change_wheel_user_to_coachee', 1432786526);

CREATE TABLE IF NOT EXISTS `user` (
`id` int(11) NOT NULL,
  `username` varchar(255) COLLATE utf8_unicode_ci NOT NULL,
  `auth_key` varchar(32) COLLATE utf8_unicode_ci NOT NULL,
  `password_hash` varchar(255) COLLATE utf8_unicode_ci NOT NULL,
  `password_reset_token` varchar(255) COLLATE utf8_unicode_ci DEFAULT NULL,
  `email` varchar(255) COLLATE utf8_unicode_ci NOT NULL,
  `name` varchar(255) COLLATE utf8_unicode_ci NOT NULL,
  `surname` varchar(255) COLLATE utf8_unicode_ci NOT NULL,
  `phone` varchar(255) COLLATE utf8_unicode_ci NULL,
  `is_coach` tinyint(1) NOT NULL DEFAULT '0',
  `is_administrator` tinyint(1) NOT NULL DEFAULT '0',
  `is_company` tinyint(1) NOT NULL DEFAULT '0',
  `company_id` int(11) NULL,
  `coach_id` int(11) DEFAULT NULL,
  `status` smallint(6) NOT NULL DEFAULT '10',
  `created_at` int(11) NOT NULL,
  `updated_at` int(11) NOT NULL
) ENGINE=InnoDB AUTO_INCREMENT=8 DEFAULT CHARSET=utf8 COLLATE=utf8_unicode_ci;

INSERT INTO `user` (`id`, `username`, `auth_key`, `password_hash`, `password_reset_token`, `email`, `name`, `surname`, `is_coach`, `is_administrator`, `coach_id`, `status`, `created_at`, `updated_at`) VALUES
(1, 'admin', 'TKOsEC2v04JpORUhnbQEuuHS3PnaFGmf', '$2y$13$YUfy9ndmBLQ0POZZS8c.uuj/SnPwyVe06MnhH6P1G3zMZVtJc2LLm', NULL, 'test@marcelobriones.com.ar', 'Marcelo', 'Briones', 1, 1, NULL, 10, 1429313351, 1429313351),
(2, 'ana.puebla', '', '$2y$13$XBU4zVyRYShcj0E31Yz1EOITVTlI9rhQtIHCJ/rszdWPP1ZlLCrYm', NULL, 'ana@trota.com', 'Ana', 'Trota', 0, 0, 1, 10, 1430528713, 1433210035),
(3, 'eve.smith', '', '$2y$13$8ET0fsIJ6Vp9n./ebVOfs.VRXMqJf7vjtsW/XEWppUTDDI9lnHBX.', NULL, 'evangelina@soria.com', 'Evangelina', 'Soria', 0, 0, 1, 10, 1430540056, 1433210055),
(4, 'juan', '', '$2y$13$NXv47NHK7GNlFCc.3yKejeZkciJipQyvv2FvFIuOPJHKlN/UXEirK', NULL, 'j@j.com', 'Juan', 'Peres', 0, 0, NULL, 10, 0, 0),
(7, 'hilda.trita', '', '$2y$13$UCCeXcnNcfBgveI6Wsixb.kZ9lqPcLFRCgsvpb.H.TZgulrJc0Yqm', NULL, 'homonima@hotcorreo.com', 'Hilda', 'Homonima', 0, 0, 1, 10, 1430579863, 1433210083);

CREATE TABLE IF NOT EXISTS `wheel` (
`id` int(11) NOT NULL,
  `coachee_id` int(11) NOT NULL,
  `date` date NOT NULL,
  `created_at` int(11) NOT NULL,
  `updated_at` int(11) NOT NULL
) ENGINE=InnoDB AUTO_INCREMENT=65 DEFAULT CHARSET=utf8 COLLATE=utf8_unicode_ci;

INSERT INTO `wheel` (`id`, `coachee_id`, `date`, `created_at`, `updated_at`) VALUES
(45, 2, '2015-05-30', 0, 0),
(50, 3, '2015-05-30', 0, 0),
(51, 3, '2015-05-30', 0, 0),
(52, 3, '2015-05-30', 0, 0),
(53, 2, '2015-06-01', 0, 0),
(61, 3, '2015-06-01', 0, 0),
(64, 2, '2015-06-02', 0, 0);

CREATE TABLE IF NOT EXISTS `wheel_answer` (
`id` int(11) NOT NULL,
  `wheel_id` int(11) NOT NULL,
  `answer_order` smallint(6) NOT NULL,
  `answer_value` smallint(6) NOT NULL,
  `created_at` int(11) NOT NULL,
  `updated_at` int(11) NOT NULL
) ENGINE=InnoDB AUTO_INCREMENT=2147 DEFAULT CHARSET=utf8 COLLATE=utf8_unicode_ci;

INSERT INTO `wheel_answer` (`id`, `wheel_id`, `answer_order`, `answer_value`, `created_at`, `updated_at`) VALUES
(1201, 45, 0, 3, 1432952890, 1432952890),
(1202, 45, 1, 3, 1432952890, 1432952890),
(1203, 45, 2, 3, 1432952890, 1432952890),
(1204, 45, 3, 4, 1432952890, 1432952890),
(1205, 45, 4, 2, 1432952890, 1432952890),
(1206, 45, 5, 3, 1432952890, 1432952890),
(1207, 45, 6, 4, 1432952890, 1432952890),
(1208, 45, 7, 2, 1432952890, 1432952890),
(1209, 45, 8, 1, 1432952890, 1432952890),
(1210, 45, 9, 0, 1432952890, 1432952890),
(1211, 45, 10, 4, 1432952890, 1432952890),
(1212, 45, 11, 4, 1432952890, 1432952890),
(1213, 45, 12, 2, 1432952890, 1432952890),
(1214, 45, 13, 4, 1432952890, 1432952890),
(1215, 45, 14, 3, 1432952890, 1432952890),
(1216, 45, 15, 4, 1432952890, 1432952890),
(1217, 45, 16, 4, 1432952890, 1432952890),
(1218, 45, 17, 4, 1432952890, 1432952890),
(1219, 45, 18, 3, 1432952890, 1432952890),
(1220, 45, 19, 2, 1432952890, 1432952890),
(1221, 45, 20, 3, 1432952890, 1432952890),
(1222, 45, 21, 3, 1432952890, 1432952890),
(1223, 45, 22, 1, 1432952890, 1432952890),
(1224, 45, 23, 1, 1432952890, 1432952890),
(1225, 45, 24, 1, 1432952890, 1432952890),
(1226, 45, 25, 0, 1432952890, 1432952890),
(1227, 45, 26, 3, 1432952890, 1432952890),
(1228, 45, 27, 0, 1432952890, 1432952890),
(1229, 45, 28, 4, 1432952890, 1432952890),
(1230, 45, 29, 2, 1432952890, 1432952890),
(1231, 45, 30, 1, 1432952890, 1432952890),
(1232, 45, 31, 3, 1432952890, 1432952890),
(1233, 45, 32, 1, 1432952890, 1432952890),
(1234, 45, 33, 0, 1432952890, 1432952890),
(1235, 45, 34, 2, 1432952890, 1432952890),
(1236, 45, 35, 3, 1432952890, 1432952890),
(1237, 45, 36, 3, 1432952890, 1432952890),
(1238, 45, 37, 2, 1432952890, 1432952890),
(1239, 45, 38, 1, 1432952890, 1432952890),
(1240, 45, 39, 4, 1432952890, 1432952890),
(1241, 45, 40, 3, 1432952890, 1432952890),
(1242, 45, 41, 0, 1432952890, 1432952890),
(1243, 45, 42, 4, 1432952890, 1432952890),
(1244, 45, 43, 0, 1432952890, 1432952890),
(1245, 45, 44, 0, 1432952890, 1432952890),
(1246, 45, 45, 2, 1432952890, 1432952890),
(1247, 45, 46, 4, 1432952890, 1432952890),
(1248, 45, 47, 0, 1432952890, 1432952890),
(1249, 45, 48, 2, 1432952890, 1432952890),
(1250, 45, 49, 2, 1432952890, 1432952890),
(1251, 45, 50, 2, 1432952890, 1432952890),
(1252, 45, 51, 0, 1432952890, 1432952890),
(1253, 45, 52, 0, 1432952890, 1432952890),
(1254, 45, 53, 4, 1432952890, 1432952890),
(1255, 45, 54, 2, 1432952890, 1432952890),
(1256, 45, 55, 2, 1432952890, 1432952890),
(1257, 45, 56, 4, 1432952890, 1432952890),
(1258, 45, 57, 1, 1432952890, 1432952890),
(1259, 45, 58, 3, 1432952890, 1432952890),
(1260, 45, 59, 3, 1432952890, 1432952890),
(1261, 45, 60, 4, 1432952890, 1432952890),
(1262, 45, 61, 4, 1432952890, 1432952890),
(1263, 45, 62, 1, 1432952890, 1432952890),
(1264, 45, 63, 0, 1432952890, 1432952890),
(1265, 45, 64, 4, 1432952890, 1432952890),
(1266, 45, 65, 4, 1432952890, 1432952890),
(1267, 45, 66, 4, 1432952890, 1432952890),
(1268, 45, 67, 3, 1432952890, 1432952890),
(1269, 45, 68, 1, 1432952890, 1432952890),
(1270, 45, 69, 0, 1432952890, 1432952890),
(1271, 45, 70, 3, 1432952890, 1432952890),
(1272, 45, 71, 4, 1432952890, 1432952890),
(1273, 45, 72, 1, 1432952890, 1432952890),
(1274, 45, 73, 2, 1432952890, 1432952890),
(1275, 45, 74, 4, 1432952890, 1432952890),
(1276, 45, 75, 1, 1432952890, 1432952890),
(1277, 45, 76, 4, 1432952890, 1432952890),
(1278, 45, 77, 4, 1432952890, 1432952890),
(1279, 45, 78, 2, 1432952890, 1432952890),
(1601, 50, 0, 0, 1432953280, 1432953280),
(1602, 50, 1, 0, 1432953280, 1432953280),
(1603, 50, 2, 0, 1432953280, 1432953280),
(1604, 50, 3, 0, 1432953280, 1432953280),
(1605, 50, 4, 0, 1432953280, 1432953280),
(1606, 50, 5, 0, 1432953280, 1432953280),
(1607, 50, 6, 0, 1432953280, 1432953280),
(1608, 50, 7, 0, 1432953280, 1432953280),
(1609, 50, 8, 0, 1432953280, 1432953280),
(1610, 50, 9, 0, 1432953280, 1432953280),
(1611, 50, 10, 1, 1432953280, 1432953280),
(1612, 50, 11, 1, 1432953280, 1432953280),
(1613, 50, 12, 1, 1432953280, 1432953280),
(1614, 50, 13, 1, 1432953280, 1432953280),
(1615, 50, 14, 1, 1432953280, 1432953280),
(1616, 50, 15, 1, 1432953280, 1432953280),
(1617, 50, 16, 1, 1432953280, 1432953280),
(1618, 50, 17, 1, 1432953280, 1432953280),
(1619, 50, 18, 1, 1432953280, 1432953280),
(1620, 50, 19, 1, 1432953280, 1432953280),
(1621, 50, 20, 4, 1432953280, 1432953280),
(1622, 50, 21, 3, 1432953280, 1432953280),
(1623, 50, 22, 2, 1432953280, 1432953280),
(1624, 50, 23, 2, 1432953280, 1432953280),
(1625, 50, 24, 1, 1432953280, 1432953280),
(1626, 50, 25, 4, 1432953280, 1432953280),
(1627, 50, 26, 2, 1432953280, 1432953280),
(1628, 50, 27, 0, 1432953280, 1432953280),
(1629, 50, 28, 0, 1432953280, 1432953280),
(1630, 50, 29, 2, 1432953280, 1432953280),
(1631, 50, 30, 4, 1432953280, 1432953280),
(1632, 50, 31, 0, 1432953280, 1432953280),
(1633, 50, 32, 2, 1432953280, 1432953280),
(1634, 50, 33, 1, 1432953280, 1432953280),
(1635, 50, 34, 0, 1432953280, 1432953280),
(1636, 50, 35, 2, 1432953280, 1432953280),
(1637, 50, 36, 1, 1432953280, 1432953280),
(1638, 50, 37, 2, 1432953280, 1432953280),
(1639, 50, 38, 4, 1432953280, 1432953280),
(1640, 50, 39, 3, 1432953280, 1432953280),
(1641, 50, 40, 2, 1432953280, 1432953280),
(1642, 50, 41, 3, 1432953280, 1432953280),
(1643, 50, 42, 1, 1432953280, 1432953280),
(1644, 50, 43, 3, 1432953280, 1432953280),
(1645, 50, 44, 1, 1432953280, 1432953280),
(1646, 50, 45, 0, 1432953280, 1432953280),
(1647, 50, 46, 3, 1432953280, 1432953280),
(1648, 50, 47, 1, 1432953280, 1432953280),
(1649, 50, 48, 4, 1432953280, 1432953280),
(1650, 50, 49, 1, 1432953280, 1432953280),
(1651, 50, 50, 2, 1432953280, 1432953280),
(1652, 50, 51, 3, 1432953280, 1432953280),
(1653, 50, 52, 0, 1432953280, 1432953280),
(1654, 50, 53, 4, 1432953280, 1432953280),
(1655, 50, 54, 1, 1432953280, 1432953280),
(1656, 50, 55, 1, 1432953280, 1432953280),
(1657, 50, 56, 4, 1432953280, 1432953280),
(1658, 50, 57, 3, 1432953280, 1432953280),
(1659, 50, 58, 1, 1432953280, 1432953280),
(1660, 50, 59, 4, 1432953280, 1432953280),
(1661, 50, 60, 0, 1432953280, 1432953280),
(1662, 50, 61, 1, 1432953280, 1432953280),
(1663, 50, 62, 0, 1432953280, 1432953280),
(1664, 50, 63, 3, 1432953280, 1432953280),
(1665, 50, 64, 2, 1432953280, 1432953280),
(1666, 50, 65, 1, 1432953280, 1432953280),
(1667, 50, 66, 0, 1432953280, 1432953280),
(1668, 50, 67, 4, 1432953280, 1432953280),
(1669, 50, 68, 3, 1432953280, 1432953280),
(1670, 50, 69, 0, 1432953280, 1432953280),
(1671, 50, 70, 3, 1432953280, 1432953280),
(1672, 50, 71, 1, 1432953280, 1432953280),
(1673, 50, 72, 4, 1432953280, 1432953280),
(1674, 50, 73, 0, 1432953280, 1432953280),
(1675, 50, 74, 0, 1432953280, 1432953280),
(1676, 50, 75, 0, 1432953280, 1432953280),
(1677, 50, 76, 1, 1432953280, 1432953280),
(1678, 50, 77, 3, 1432953280, 1432953280),
(1679, 50, 78, 2, 1432953280, 1432953280),
(1681, 51, 0, 4, 1432953726, 1432953726),
(1682, 51, 1, 3, 1432953726, 1432953726),
(1683, 51, 2, 2, 1432953726, 1432953726),
(1684, 51, 3, 2, 1432953726, 1432953726),
(1685, 51, 4, 1, 1432953726, 1432953726),
(1686, 51, 5, 2, 1432953726, 1432953726),
(1687, 51, 6, 2, 1432953726, 1432953726),
(1688, 51, 7, 4, 1432953726, 1432953726),
(1689, 51, 8, 0, 1432953726, 1432953726),
(1690, 51, 9, 2, 1432953726, 1432953726),
(1691, 51, 10, 4, 1432953726, 1432953726),
(1692, 51, 11, 1, 1432953726, 1432953726),
(1693, 51, 12, 0, 1432953726, 1432953726),
(1694, 51, 13, 3, 1432953726, 1432953726),
(1695, 51, 14, 2, 1432953726, 1432953726),
(1696, 51, 15, 3, 1432953726, 1432953726),
(1697, 51, 16, 3, 1432953726, 1432953726),
(1698, 51, 17, 1, 1432953726, 1432953726),
(1699, 51, 18, 1, 1432953726, 1432953726),
(1700, 51, 19, 1, 1432953726, 1432953726),
(1701, 51, 20, 3, 1432953726, 1432953726),
(1702, 51, 21, 2, 1432953726, 1432953726),
(1703, 51, 22, 3, 1432953726, 1432953726),
(1704, 51, 23, 4, 1432953726, 1432953726),
(1705, 51, 24, 4, 1432953726, 1432953726),
(1706, 51, 25, 4, 1432953726, 1432953726),
(1707, 51, 26, 1, 1432953726, 1432953726),
(1708, 51, 27, 2, 1432953726, 1432953726),
(1709, 51, 28, 2, 1432953726, 1432953726),
(1710, 51, 29, 0, 1432953726, 1432953726),
(1711, 51, 30, 2, 1432953726, 1432953726),
(1712, 51, 31, 1, 1432953726, 1432953726),
(1713, 51, 32, 3, 1432953726, 1432953726),
(1714, 51, 33, 0, 1432953726, 1432953726),
(1715, 51, 34, 3, 1432953726, 1432953726),
(1716, 51, 35, 4, 1432953726, 1432953726),
(1717, 51, 36, 3, 1432953726, 1432953726),
(1718, 51, 37, 0, 1432953726, 1432953726),
(1719, 51, 38, 4, 1432953726, 1432953726),
(1720, 51, 39, 4, 1432953726, 1432953726),
(1721, 51, 40, 3, 1432953726, 1432953726),
(1722, 51, 41, 3, 1432953726, 1432953726),
(1723, 51, 42, 0, 1432953726, 1432953726),
(1724, 51, 43, 3, 1432953726, 1432953726),
(1725, 51, 44, 1, 1432953726, 1432953726),
(1726, 51, 45, 3, 1432953726, 1432953726),
(1727, 51, 46, 2, 1432953726, 1432953726),
(1728, 51, 47, 0, 1432953726, 1432953726),
(1729, 51, 48, 4, 1432953726, 1432953726),
(1730, 51, 49, 3, 1432953726, 1432953726),
(1731, 51, 50, 2, 1432953726, 1432953726),
(1732, 51, 51, 3, 1432953726, 1432953726),
(1733, 51, 52, 1, 1432953726, 1432953726),
(1734, 51, 53, 0, 1432953726, 1432953726),
(1735, 51, 54, 3, 1432953726, 1432953726),
(1736, 51, 55, 0, 1432953726, 1432953726),
(1737, 51, 56, 4, 1432953726, 1432953726),
(1738, 51, 57, 4, 1432953726, 1432953726),
(1739, 51, 58, 2, 1432953726, 1432953726),
(1740, 51, 59, 2, 1432953726, 1432953726),
(1741, 51, 60, 4, 1432953726, 1432953726),
(1742, 51, 61, 0, 1432953726, 1432953726),
(1743, 51, 62, 4, 1432953726, 1432953726),
(1744, 51, 63, 3, 1432953726, 1432953726),
(1745, 51, 64, 1, 1432953726, 1432953726),
(1746, 51, 65, 2, 1432953726, 1432953726),
(1747, 51, 66, 2, 1432953726, 1432953726),
(1748, 51, 67, 4, 1432953726, 1432953726),
(1749, 51, 68, 3, 1432953726, 1432953726),
(1750, 51, 69, 2, 1432953726, 1432953726),
(1751, 51, 70, 3, 1432953726, 1432953726),
(1752, 51, 71, 1, 1432953726, 1432953726),
(1753, 51, 72, 0, 1432953726, 1432953726),
(1754, 51, 73, 3, 1432953726, 1432953726),
(1755, 51, 74, 0, 1432953726, 1432953726),
(1756, 51, 75, 2, 1432953726, 1432953726),
(1757, 51, 76, 2, 1432953726, 1432953726),
(1758, 51, 77, 3, 1432953726, 1432953726),
(1759, 51, 78, 2, 1432953726, 1432953726),
(1761, 52, 0, 2, 1432953914, 1432953914),
(1762, 52, 1, 3, 1432953914, 1432953914),
(1763, 52, 2, 2, 1432953914, 1432953914),
(1764, 52, 3, 0, 1432953914, 1432953914),
(1765, 52, 4, 2, 1432953914, 1432953914),
(1766, 52, 5, 2, 1432953914, 1432953914),
(1767, 52, 6, 1, 1432953914, 1432953914),
(1768, 52, 7, 0, 1432953914, 1432953914),
(1769, 52, 8, 1, 1432953914, 1432953914),
(1770, 52, 9, 1, 1432953914, 1432953914),
(1771, 52, 10, 1, 1432953914, 1432953914),
(1772, 52, 11, 4, 1432953914, 1432953914),
(1773, 52, 12, 1, 1432953914, 1432953914),
(1774, 52, 13, 0, 1432953914, 1432953914),
(1775, 52, 14, 4, 1432953914, 1432953914),
(1776, 52, 15, 2, 1432953914, 1432953914),
(1777, 52, 16, 0, 1432953914, 1432953914),
(1778, 52, 17, 1, 1432953914, 1432953914),
(1779, 52, 18, 0, 1432953914, 1432953914),
(1780, 52, 19, 1, 1432953914, 1432953914),
(1781, 52, 20, 1, 1432953914, 1432953914),
(1782, 52, 21, 0, 1432953914, 1432953914),
(1783, 52, 22, 0, 1432953914, 1432953914),
(1784, 52, 23, 2, 1432953914, 1432953914),
(1785, 52, 24, 4, 1432953914, 1432953914),
(1786, 52, 25, 4, 1432953914, 1432953914),
(1787, 52, 26, 2, 1432953915, 1432953915),
(1788, 52, 27, 1, 1432953915, 1432953915),
(1789, 52, 28, 1, 1432953915, 1432953915),
(1790, 52, 29, 2, 1432953915, 1432953915),
(1791, 52, 30, 0, 1432953915, 1432953915),
(1792, 52, 31, 3, 1432953915, 1432953915),
(1793, 52, 32, 1, 1432953915, 1432953915),
(1794, 52, 33, 3, 1432953915, 1432953915),
(1795, 52, 34, 4, 1432953915, 1432953915),
(1796, 52, 35, 3, 1432953915, 1432953915),
(1797, 52, 36, 0, 1432953915, 1432953915),
(1798, 52, 37, 1, 1432953915, 1432953915),
(1799, 52, 38, 4, 1432953915, 1432953915),
(1800, 52, 39, 2, 1432953915, 1432953915),
(1801, 52, 40, 2, 1432953915, 1432953915),
(1802, 52, 41, 0, 1432953915, 1432953915),
(1803, 52, 42, 1, 1432953915, 1432953915),
(1804, 52, 43, 3, 1432953915, 1432953915),
(1805, 52, 44, 0, 1432953915, 1432953915),
(1806, 52, 45, 1, 1432953915, 1432953915),
(1807, 52, 46, 0, 1432953915, 1432953915),
(1808, 52, 47, 1, 1432953915, 1432953915),
(1809, 52, 48, 2, 1432953915, 1432953915),
(1810, 52, 49, 1, 1432953915, 1432953915),
(1811, 52, 50, 3, 1432953915, 1432953915),
(1812, 52, 51, 4, 1432953915, 1432953915),
(1813, 52, 52, 1, 1432953915, 1432953915),
(1814, 52, 53, 3, 1432953915, 1432953915),
(1815, 52, 54, 2, 1432953915, 1432953915),
(1816, 52, 55, 0, 1432953915, 1432953915),
(1817, 52, 56, 3, 1432953915, 1432953915),
(1818, 52, 57, 4, 1432953915, 1432953915),
(1819, 52, 58, 1, 1432953915, 1432953915),
(1820, 52, 59, 4, 1432953915, 1432953915),
(1821, 52, 60, 1, 1432953915, 1432953915),
(1822, 52, 61, 2, 1432953915, 1432953915),
(1823, 52, 62, 3, 1432953915, 1432953915),
(1824, 52, 63, 3, 1432953915, 1432953915),
(1825, 52, 64, 0, 1432953915, 1432953915),
(1826, 52, 65, 3, 1432953915, 1432953915),
(1827, 52, 66, 1, 1432953915, 1432953915),
(1828, 52, 67, 1, 1432953915, 1432953915),
(1829, 52, 68, 4, 1432953915, 1432953915),
(1830, 52, 69, 0, 1432953915, 1432953915),
(1831, 52, 70, 3, 1432953915, 1432953915),
(1832, 52, 71, 1, 1432953915, 1432953915),
(1833, 52, 72, 0, 1432953915, 1432953915),
(1834, 52, 73, 0, 1432953915, 1432953915),
(1835, 52, 74, 0, 1432953915, 1432953915),
(1836, 52, 75, 1, 1432953915, 1432953915),
(1837, 52, 76, 2, 1432953915, 1432953915),
(1838, 52, 77, 1, 1432953915, 1432953915),
(1839, 52, 78, 3, 1432953915, 1432953915),
(1851, 53, 0, 2, 1433135394, 1433135394),
(1852, 53, 1, 1, 1433135398, 1433135398),
(1853, 53, 9, 4, 1433135559, 1433135559),
(1854, 53, 2, 2, 1433135573, 1433135573),
(1855, 53, 3, 1, 1433135573, 1433135573),
(1856, 53, 4, 2, 1433135573, 1433135573),
(1857, 53, 5, 1, 1433135573, 1433135573),
(1858, 53, 6, 2, 1433135573, 1433135573),
(1859, 53, 7, 1, 1433135573, 1433135573),
(1860, 53, 8, 2, 1433135573, 1433135573),
(1861, 53, 10, 1, 1433135614, 1433135614),
(1862, 53, 11, 3, 1433135614, 1433135614),
(1863, 53, 12, 3, 1433135614, 1433135614),
(1864, 53, 13, 1, 1433135614, 1433135614),
(1865, 53, 14, 2, 1433135614, 1433135614),
(1866, 53, 15, 2, 1433135614, 1433135614),
(1867, 53, 16, 4, 1433135614, 1433135614),
(1868, 53, 17, 2, 1433135614, 1433135614),
(1869, 53, 18, 2, 1433135614, 1433135614),
(1870, 53, 19, 1, 1433135614, 1433135614),
(1871, 53, 20, 1, 1433135630, 1433135630),
(1872, 53, 21, 2, 1433135630, 1433135630),
(1873, 53, 22, 2, 1433135630, 1433135630),
(1874, 53, 23, 2, 1433135630, 1433135630),
(1875, 53, 24, 1, 1433135631, 1433135631),
(1876, 53, 25, 2, 1433135631, 1433135631),
(1877, 53, 26, 2, 1433135631, 1433135631),
(1878, 53, 27, 2, 1433135631, 1433135631),
(1879, 53, 28, 2, 1433135631, 1433135631),
(1880, 53, 29, 2, 1433135631, 1433135631),
(1881, 53, 30, 1, 1433135691, 1433135691),
(1882, 53, 31, 1, 1433135691, 1433135691),
(1883, 53, 32, 2, 1433135691, 1433135691),
(1884, 53, 33, 4, 1433135691, 1433135691),
(1885, 53, 34, 4, 1433135691, 1433135691),
(1886, 53, 35, 4, 1433135691, 1433135691),
(1887, 53, 36, 4, 1433135691, 1433135691),
(1888, 53, 37, 4, 1433135691, 1433135691),
(1889, 53, 38, 4, 1433135691, 1433135691),
(1890, 53, 39, 4, 1433135691, 1433135691),
(1891, 53, 40, 3, 1433135709, 1433135709),
(1892, 53, 41, 3, 1433135709, 1433135709),
(1893, 53, 42, 4, 1433135710, 1433135710),
(1894, 53, 43, 4, 1433135710, 1433135710),
(1895, 53, 44, 3, 1433135710, 1433135710),
(1896, 53, 45, 3, 1433135710, 1433135710),
(1897, 53, 46, 3, 1433135710, 1433135710),
(1898, 53, 47, 3, 1433135710, 1433135710),
(1899, 53, 48, 4, 1433135710, 1433135710),
(1900, 53, 49, 4, 1433135710, 1433135710),
(1901, 53, 50, 3, 1433135723, 1433135723),
(1902, 53, 51, 2, 1433135723, 1433135723),
(1903, 53, 52, 1, 1433135723, 1433135723),
(1904, 53, 53, 0, 1433135723, 1433135723),
(1905, 53, 54, 0, 1433135723, 1433135723),
(1906, 53, 55, 0, 1433135724, 1433135724),
(1907, 53, 56, 0, 1433135724, 1433135724),
(1908, 53, 57, 0, 1433135724, 1433135724),
(1909, 53, 58, 0, 1433135724, 1433135724),
(1910, 53, 59, 0, 1433135724, 1433135724),
(1911, 53, 60, 0, 1433135737, 1433135737),
(1912, 53, 61, 1, 1433135737, 1433135737),
(1913, 53, 62, 2, 1433135737, 1433135737),
(1914, 53, 63, 1, 1433135737, 1433135737),
(1915, 53, 64, 1, 1433135737, 1433135737),
(1916, 53, 65, 1, 1433135737, 1433135737),
(1917, 53, 66, 1, 1433135738, 1433135738),
(1918, 53, 67, 1, 1433135738, 1433135738),
(1919, 53, 68, 1, 1433135738, 1433135738),
(1920, 53, 69, 1, 1433135738, 1433135738),
(1921, 53, 70, 2, 1433135754, 1433135754),
(1922, 53, 71, 1, 1433135754, 1433135754),
(1923, 53, 72, 1, 1433135754, 1433135754),
(1924, 53, 73, 1, 1433135754, 1433135754),
(1925, 53, 74, 2, 1433135754, 1433135754),
(1926, 53, 75, 3, 1433135754, 1433135754),
(1927, 53, 76, 2, 1433135755, 1433135755),
(1928, 53, 77, 2, 1433135755, 1433135755),
(1929, 53, 78, 2, 1433135755, 1433135755),
(2011, 61, 0, 3, 1433138233, 1433138233),
(2012, 61, 1, 2, 1433138233, 1433138233),
(2013, 61, 2, 3, 1433138233, 1433138233),
(2014, 61, 7, 4, 1433138233, 1433138233),
(2015, 61, 8, 3, 1433138233, 1433138233),
(2016, 61, 3, 2, 1433138244, 1433138244),
(2017, 61, 4, 1, 1433138244, 1433138244),
(2018, 61, 5, 2, 1433138244, 1433138244),
(2019, 61, 6, 1, 1433138244, 1433138244),
(2020, 61, 9, 3, 1433138244, 1433138244),
(2021, 61, 10, 2, 1433138279, 1433138279),
(2022, 61, 11, 1, 1433138280, 1433138280),
(2023, 61, 12, 2, 1433138280, 1433138280),
(2024, 61, 13, 2, 1433138280, 1433138280),
(2025, 61, 14, 2, 1433138280, 1433138280),
(2026, 61, 16, 2, 1433138280, 1433138280),
(2027, 61, 17, 1, 1433138280, 1433138280),
(2028, 61, 15, 2, 1433138287, 1433138287),
(2029, 61, 18, 2, 1433138287, 1433138287),
(2030, 61, 19, 2, 1433138287, 1433138287),
(2031, 61, 20, 2, 1433138300, 1433138300),
(2032, 61, 21, 3, 1433138300, 1433138300),
(2033, 61, 22, 3, 1433138300, 1433138300),
(2034, 61, 23, 3, 1433138300, 1433138300),
(2035, 61, 24, 3, 1433138300, 1433138300),
(2036, 61, 25, 3, 1433138300, 1433138300),
(2037, 61, 26, 2, 1433138301, 1433138301),
(2038, 61, 27, 3, 1433138301, 1433138301),
(2039, 61, 28, 3, 1433138301, 1433138301),
(2040, 61, 29, 2, 1433138301, 1433138301),
(2041, 61, 30, 3, 1433138313, 1433138313),
(2042, 61, 31, 2, 1433138313, 1433138313),
(2043, 61, 32, 3, 1433138313, 1433138313),
(2044, 61, 33, 3, 1433138313, 1433138313),
(2045, 61, 34, 3, 1433138313, 1433138313),
(2046, 61, 35, 2, 1433138314, 1433138314),
(2047, 61, 36, 3, 1433138314, 1433138314),
(2048, 61, 37, 3, 1433138314, 1433138314),
(2049, 61, 38, 2, 1433138314, 1433138314),
(2050, 61, 39, 2, 1433138314, 1433138314),
(2051, 61, 40, 3, 1433138326, 1433138326),
(2052, 61, 41, 4, 1433138326, 1433138326),
(2053, 61, 42, 4, 1433138326, 1433138326),
(2054, 61, 43, 4, 1433138326, 1433138326),
(2055, 61, 44, 4, 1433138326, 1433138326),
(2056, 61, 45, 4, 1433138326, 1433138326),
(2057, 61, 46, 4, 1433138326, 1433138326),
(2058, 61, 47, 4, 1433138326, 1433138326),
(2059, 61, 48, 4, 1433138326, 1433138326),
(2060, 61, 49, 4, 1433138326, 1433138326),
(2061, 61, 50, 1, 1433138340, 1433138340),
(2062, 61, 51, 2, 1433138340, 1433138340),
(2063, 61, 52, 3, 1433138340, 1433138340),
(2064, 61, 53, 2, 1433138340, 1433138340),
(2065, 61, 54, 2, 1433138340, 1433138340),
(2070, 61, 59, 2, 1433138341, 1433138341),
(2072, 61, 61, 2, 1433138353, 1433138353),
(2073, 61, 62, 3, 1433138353, 1433138353),
(2075, 61, 64, 3, 1433138353, 1433138353),
(2077, 61, 66, 3, 1433138353, 1433138353),
(2078, 61, 67, 3, 1433138353, 1433138353),
(2079, 61, 68, 2, 1433138353, 1433138353),
(2080, 61, 69, 3, 1433138353, 1433138353),
(2081, 61, 70, 3, 1433138366, 1433138366),
(2082, 61, 71, 2, 1433138366, 1433138366),
(2083, 61, 72, 3, 1433138366, 1433138366),
(2084, 61, 73, 2, 1433138366, 1433138366),
(2085, 61, 74, 2, 1433138366, 1433138366),
(2086, 61, 75, 3, 1433138366, 1433138366),
(2087, 61, 76, 3, 1433138366, 1433138366),
(2088, 61, 77, 2, 1433138367, 1433138367),
(2089, 61, 78, 3, 1433138367, 1433138367),
(2091, 61, 55, 3, 1433138533, 1433138533),
(2092, 61, 56, 1, 1433138534, 1433138534),
(2093, 61, 57, 2, 1433138534, 1433138534),
(2094, 61, 60, 0, 1433138650, 1433138650),
(2095, 61, 63, 0, 1433138650, 1433138650),
(2096, 61, 65, 1, 1433138650, 1433138650),
(2097, 61, 58, 1, 1433138764, 1433138764),
(2098, 50, 79, 1, 1433138883, 1433138883),
(2099, 51, 79, 4, 1433138952, 1433138952),
(2100, 45, 79, 1, 1433203205, 1433203205),
(2102, 53, 79, 2, 1433203348, 1433203348),
(2106, 64, 0, 3, 1433208484, 1433208484),
(2107, 64, 1, 2, 1433208484, 1433208484),
(2108, 64, 2, 0, 1433208484, 1433208484),
(2109, 64, 3, 2, 1433209320, 1433209320),
(2110, 64, 4, 3, 1433209320, 1433209320),
(2111, 64, 6, 2, 1433209320, 1433209320),
(2112, 64, 7, 2, 1433209320, 1433209320),
(2113, 64, 9, 3, 1433209321, 1433209321),
(2114, 64, 5, 1, 1433209326, 1433209326),
(2115, 64, 8, 3, 1433209326, 1433209326),
(2116, 64, 16, 2, 1433209460, 1433209460),
(2117, 64, 17, 2, 1433209460, 1433209460),
(2118, 64, 18, 1, 1433209460, 1433209460),
(2119, 64, 19, 1, 1433209461, 1433209461),
(2120, 64, 10, 3, 1433209483, 1433209483),
(2121, 64, 11, 3, 1433209483, 1433209483),
(2122, 64, 12, 3, 1433209484, 1433209484),
(2123, 64, 13, 3, 1433209484, 1433209484),
(2124, 64, 14, 3, 1433209484, 1433209484),
(2125, 64, 15, 3, 1433209484, 1433209484),
(2126, 64, 20, 2, 1433209499, 1433209499),
(2127, 64, 21, 2, 1433209499, 1433209499),
(2128, 64, 22, 2, 1433209499, 1433209499),
(2129, 64, 23, 1, 1433209499, 1433209499),
(2130, 64, 24, 2, 1433209499, 1433209499),
(2131, 64, 25, 3, 1433209499, 1433209499),
(2132, 64, 26, 3, 1433209499, 1433209499),
(2133, 64, 27, 1, 1433209499, 1433209499),
(2134, 64, 28, 1, 1433209500, 1433209500),
(2135, 64, 29, 3, 1433209500, 1433209500),
(2136, 64, 30, 2, 1433209518, 1433209518),
(2137, 64, 31, 2, 1433209518, 1433209518),
(2138, 64, 32, 2, 1433209518, 1433209518),
(2139, 64, 33, 4, 1433209518, 1433209518),
(2140, 64, 34, 4, 1433209518, 1433209518),
(2141, 64, 35, 4, 1433209518, 1433209518),
(2142, 64, 36, 4, 1433209518, 1433209518),
(2143, 64, 37, 4, 1433209518, 1433209518),
(2144, 64, 38, 4, 1433209518, 1433209518),
(2145, 64, 39, 4, 1433209518, 1433209518),
(2146, 52, 79, 3, 1433212725, 1433212725);

CREATE TABLE IF NOT EXISTS `wheel_question` (
`id` int(11) NOT NULL,
  `dimension` int(11) NOT NULL,
  `order` int(11) NOT NULL,
  `question` text COLLATE utf8_unicode_ci NOT NULL,
  `answer_type` int(11) NOT NULL,
  `created_at` int(11) NOT NULL,
  `updated_at` int(11) NOT NULL
) ENGINE=InnoDB AUTO_INCREMENT=81 DEFAULT CHARSET=utf8 COLLATE=utf8_unicode_ci;

INSERT INTO `wheel_question` (`id`, `dimension`, `order`, `question`, `answer_type`, `created_at`, `updated_at`) VALUES
(1, 0, 1, '¿Me divierto y participo del ocio?', 0, 0, 0),
(2, 0, 2, '¿Tengo claro cuáles son mis momentos de ocio?', 0, 0, 0),
(3, 0, 3, '¿Logro separar mi familia del ocio?', 0, 0, 0),
(4, 0, 4, '¿Logro separar mi trabajo del ocio?', 0, 0, 0),
(5, 0, 5, '¿Desarrollo personal?', 0, 0, 0),
(6, 0, 6, '¿Identifico un hobby en especial?', 0, 0, 0),
(7, 0, 7, '¿Tengo actividades de ocio programadas?', 0, 0, 0),
(8, 0, 8, '¿Tengo actividades de ocio compartidas?', 0, 0, 0),
(9, 0, 9, '¿Me estimula el juntarme con amigos?', 0, 0, 0),
(10, 0, 10, '¿Qué interés tenés en trabajar esta dimensión?', 0, 0, 0),
(11, 1, 11, '¿Ambiente y entorno de trabajo?', 1, 0, 0),
(12, 1, 12, '¿Se valoran mis capacidades?', 2, 0, 0),
(13, 1, 13, '¿Mi trabajo es acorde a mi vocación?', 3, 0, 0),
(14, 1, 14, '¿Tengo un trabajo estimulante?', 2, 0, 0),
(15, 1, 15, '¿Tengo posibilidad de crecimiento?', 3, 0, 0),
(16, 1, 16, '¿Tengo claridad con mis Proyectos de trabajo?', 3, 0, 0),
(17, 1, 17, '¿Controlo el estrés?', 2, 0, 0),
(18, 1, 18, '¿Tengo un presupuesto estable?', 3, 0, 0),
(19, 1, 19, '¿Estado de satisfacción en gral con mi trabajo?', 3, 0, 0),
(20, 1, 20, '¿Qué interés tenés en trabajar esta dimensión?', 3, 0, 0),
(21, 2, 21, '¿Disponibilidad para la familia?', 3, 0, 0),
(22, 2, 22, '¿Relación con los padres?', 1, 0, 0),
(23, 2, 23, '¿Relación de pareja?', 1, 0, 0),
(24, 2, 24, '¿Relación con los hijos?', 1, 0, 0),
(25, 2, 25, '¿Relación con otros miembros de la familia?', 1, 0, 0),
(26, 2, 26, '¿Actividades recreativas en conjunto?', 2, 0, 0),
(27, 2, 27, '¿Comodidades familiares?', 1, 0, 0),
(28, 2, 28, '¿Proyecto en común?', 3, 0, 0),
(29, 2, 29, '¿Nivel de satisfacción en general?', 1, 0, 0),
(30, 2, 30, '¿Qué interés tenés en trabajar esta dimensión?', 3, 0, 0),
(31, 3, 31, '¿Apariencia?', 1, 0, 0),
(32, 3, 32, '¿Energía?', 1, 0, 0),
(33, 3, 33, '¿Actividad física?', 2, 0, 0),
(34, 3, 34, '¿Dieta equilibrada?', 1, 0, 0),
(35, 3, 35, '¿Estimulación de sentidos?', 1, 0, 0),
(36, 3, 36, '¿Ambiente y Entorno en general?', 1, 0, 0),
(37, 3, 37, '¿Nivel de materialización de los Proyectos?', 2, 0, 0),
(38, 3, 38, '¿Hábitos que no me gustan?', 103, 0, 0),
(39, 3, 39, '¿Estado de salud en general?', 1, 0, 0),
(40, 3, 40, '¿Qué interés tenés en trabajar esta dimensión?', 3, 0, 0),
(41, 4, 41, '¿Mis estados de ánimo son estables?', 2, 0, 0),
(42, 4, 42, '¿Me conecto con mi pasión?', 2, 0, 0),
(43, 4, 43, '¿Me conecto con mi voluntad?', 2, 0, 0),
(44, 4, 44, '¿Mi actitud emocional es positiva?', 2, 0, 0),
(45, 4, 45, '¿Tengo una vida estimulante?', 2, 0, 0),
(46, 4, 46, '¿Cómo es mi autoestima?', 1, 0, 0),
(47, 4, 47, '¿Ansiedad?', 103, 0, 0),
(48, 4, 48, '¿Nostalgia?', 103, 0, 0),
(49, 4, 49, '¿Miedos?', 103, 0, 0),
(50, 4, 50, '¿Qué interés tenés en trabajar esta dimensión?', 3, 0, 0),
(51, 5, 51, '¿Qué grado de felicidad tengo?', 3, 0, 0),
(52, 5, 52, '¿Hay alguna situación que no me deja ser feliz?', 103, 0, 0),
(53, 5, 53, '¿Qué tan seguido me encuentro juzgando las situaciones?', 103, 0, 0),
(54, 5, 54, '¿Qué tan seguido me descubro tejiendo fantasías?', 103, 0, 0),
(55, 5, 55, '¿Estoy esperando algo de alguien?', 102, 0, 0),
(56, 5, 56, '¿Espero que las personas adivinen lo que necesito?', 102, 0, 0),
(57, 5, 57, '¿Soy racional?', 2, 0, 0),
(58, 5, 58, '¿Mi actitud mental es positiva?', 2, 0, 0),
(59, 5, 59, '¿Tengo una mentalidad abierta?', 3, 0, 0),
(60, 5, 60, '¿Qué interés tenés en trabajar esta dimensión?', 3, 0, 0),
(61, 6, 61, '¿Me considero una persona de mucha consciencia?', 3, 0, 0),
(62, 6, 62, '¿Me preocupo por el crecimiento de los demás?', 2, 0, 0),
(63, 6, 63, '¿Tengo claridad con mi vocación?', 3, 0, 0),
(64, 6, 64, '¿Tengo claridad en cuál es mi servicio diferencial?', 3, 0, 0),
(65, 6, 65, '¿Qué nivel de Escucha tengo?', 1, 0, 0),
(66, 6, 66, '¿Qué nivel de Comunicación tengo?', 1, 0, 0),
(67, 6, 67, '¿Las relaciones con mis Vínculos son sanas?', 1, 0, 0),
(68, 6, 68, '¿Participo en Comunidades y trabajos sociales?', 2, 0, 0),
(69, 6, 69, '¿Existe satisfacción con la Comunidad en que vivo?', 2, 0, 0),
(70, 6, 70, '¿Qué interés tenés en trabajar esta dimensión?', 3, 0, 0),
(71, 7, 71, '¿Creo en algún tipo de configuración superior?', 3, 0, 0),
(72, 7, 72, '¿Soy congruente con ese tipo de configuración?', 2, 0, 0),
(73, 7, 73, '¿Tengo claridad con mi propósito de trascendencia?', 3, 0, 0),
(74, 7, 74, '¿Soy congruente en mi vida con mis Valores?', 2, 0, 0),
(75, 7, 75, '¿Me mantengo en un continuo con el Amor?', 2, 0, 0),
(76, 7, 76, '¿Me mantengo en un continuo con la Verdad?', 2, 0, 0),
(77, 7, 77, '¿Doy sin esperar recibir?', 2, 0, 0),
(78, 7, 78, '¿Me mantengo en un continuo con la Paciencia?', 2, 0, 0),
(79, 7, 79, '¿Tengo una rutina espiritual?', 2, 0, 0),
(80, 7, 80, '¿Qué interés tenés en trabajar esta dimensión?', 3, 0, 0);

CREATE TABLE IF NOT EXISTS `goal` (
`id` int(11) NOT NULL,
  `coachee_id` int(11) NOT NULL,
  `name` varchar(255) COLLATE utf8_unicode_ci NOT NULL,
  `created_at` int(11) NOT NULL,
  `updated_at` int(11) NOT NULL
) ENGINE=InnoDB DEFAULT CHARSET=utf8 COLLATE=utf8_unicode_ci;

CREATE TABLE IF NOT EXISTS `goal_milestone` (
`id` int(11) NOT NULL,
  `goal_id` int(11) NOT NULL,
  `type` int(11) NOT NULL,
  `description` varchar(255) COLLATE utf8_unicode_ci NOT NULL,
  `evidence` text COLLATE utf8_unicode_ci NOT NULL,
  `date` datetime NOT NULL,
  `celebration` text COLLATE utf8_unicode_ci NOT NULL,
  `created_at` int(11) NOT NULL,
  `updated_at` int(11) NOT NULL
) ENGINE=InnoDB DEFAULT CHARSET=utf8 COLLATE=utf8_unicode_ci;

CREATE TABLE IF NOT EXISTS `goal_resource` (
`id` int(11) NOT NULL,
  `goal_id` int(11) NOT NULL,
  `is_desired` tinyint(1) DEFAULT NULL,
  `is_had` tinyint(1) DEFAULT NULL,
  `description` text COLLATE utf8_unicode_ci NOT NULL,
  `created_at` int(11) NOT NULL,
  `updated_at` int(11) NOT NULL
) ENGINE=InnoDB DEFAULT CHARSET=utf8 COLLATE=utf8_unicode_ci;

ALTER TABLE `goal`
 ADD PRIMARY KEY (`id`);

ALTER TABLE `goal_milestone`
 ADD PRIMARY KEY (`id`);
ALTER TABLE `goal_resource`
 ADD PRIMARY KEY (`id`);

ALTER TABLE `goal`
MODIFY `id` int(11) NOT NULL AUTO_INCREMENT;

ALTER TABLE `goal_milestone`
MODIFY `id` int(11) NOT NULL AUTO_INCREMENT;

ALTER TABLE `goal_resource`
MODIFY `id` int(11) NOT NULL AUTO_INCREMENT;

ALTER TABLE `migration`
 ADD PRIMARY KEY (`version`);

ALTER TABLE `user`
 ADD PRIMARY KEY (`id`), ADD KEY `fk_user_coach` (`coach_id`);

ALTER TABLE `wheel`
 ADD PRIMARY KEY (`id`), ADD KEY `fk_wheel_user` (`coachee_id`);

ALTER TABLE `wheel_answer`
 ADD PRIMARY KEY (`id`), ADD KEY `fk_wheel_answer_wheel` (`wheel_id`);

ALTER TABLE `wheel_question`
 ADD PRIMARY KEY (`id`);

ALTER TABLE `user`
MODIFY `id` int(11) NOT NULL AUTO_INCREMENT,AUTO_INCREMENT=8;

ALTER TABLE `wheel`
MODIFY `id` int(11) NOT NULL AUTO_INCREMENT,AUTO_INCREMENT=65;

ALTER TABLE `wheel_answer`
MODIFY `id` int(11) NOT NULL AUTO_INCREMENT,AUTO_INCREMENT=2147;

ALTER TABLE `wheel_question`
MODIFY `id` int(11) NOT NULL AUTO_INCREMENT,AUTO_INCREMENT=81;

ALTER TABLE `user`
ADD CONSTRAINT `fk_user_coach` FOREIGN KEY (`coach_id`) REFERENCES `user` (`id`);

ALTER TABLE `wheel`
ADD CONSTRAINT `fk_wheel_user` FOREIGN KEY (`coachee_id`) REFERENCES `user` (`id`) ON DELETE CASCADE;

ALTER TABLE `wheel_answer`
ADD CONSTRAINT `fk_wheel_answer_wheel` FOREIGN KEY (`wheel_id`) REFERENCES `wheel` (`id`) ON DELETE CASCADE;

/*!40101 SET CHARACTER_SET_CLIENT=@OLD_CHARACTER_SET_CLIENT */;
/*!40101 SET CHARACTER_SET_RESULTS=@OLD_CHARACTER_SET_RESULTS */;
/*!40101 SET COLLATION_CONNECTION=@OLD_COLLATION_CONNECTION */;
